{"n_trained_episodes": 125, "mean_reward": -30825.704, "max_reward": 10000.0, "own_mean": 31.464, "wait_mean": 0.392, "share_mean": 0.28, "share_of_bookown_mean": 0.9721659015019954, "share_of_wait_mean": 0.010152767771692401, "share_of_share_mean": 0.01768133072631213, "share_to_own_ratio_max": 0.3333333333333333, "share_to_own_ratio_mean": 0.020263208996854565, "count_steps_mean": 32.136, "count_delivered_on_time": 30, "count_delivered_with_delay": 3, "count_not_delivered": 31, "share_delivered_on_time": 0.24, "_timestamp": 1657712506, "_runtime": 1210, "_step": 1}