{"n_trained_episodes": 74, "mean_reward": -40731.73, "max_reward": 10000.0, "own_mean": 39.13, "wait_mean": 16.5, "share_mean": 0.11, "share_of_bookown_mean": 0.7278400230594053, "share_of_wait_mean": 0.2692599453856807, "share_of_share_mean": 0.0029000315549139797, "share_to_own_ratio_max": 0.08333333333333333, "share_to_own_ratio_mean": 0.004288683974208403, "count_steps_mean": 55.74, "count_delivered_on_time": 12, "count_delivered_with_delay": 1, "count_not_delivered": 22, "share_delivered_on_time": 0.16216216216216217, "_timestamp": 1657806853, "_runtime": 4177, "_step": 14, "_wandb": {"runtime": 4230}}