{"n_trained_episodes": 97, "mean_reward": -5767.97916, "max_reward": 947.85049, "own_mean": 39.88659793814433, "wait_mean": 0.5670103092783505, "share_mean": 0.29896907216494845, "share_of_bookown_mean": 0.9695724533171627, "share_of_wait_mean": 0.01219399472449506, "share_of_share_mean": 0.018233551958342056, "_timestamp": 1653564840, "_runtime": 1323, "_step": 0, "_wandb": {"runtime": 1322}}