{"n_trained_episodes": 26, "mean_reward": -31307.69230769231, "max_reward": 7000.0, "own_mean": 35.26923076923077, "wait_mean": 0.46153846153846156, "share_mean": 0.11538461538461539, "share_of_bookown_mean": 0.9820084928204177, "share_of_wait_mean": 0.01274050817858342, "share_of_share_mean": 0.0052509990009990005, "share_to_own_ratio_max": 0.06666666666666667, "share_to_own_ratio_mean": 0.0056184012066365, "count_steps_mean": 35.84615384615385, "count_delivered_on_time": 6, "count_delivered_with_delay": 0, "count_not_delivered": 4, "share_delivered_on_time": 0.23076923076923078, "_timestamp": 1657699312, "_runtime": 241, "_step": 0, "_wandb": {"runtime": 298}}