{"n_trained_episodes": 423, "mean_reward": 6600.472813238771, "max_reward": 10000.0, "own_mean": 1.3356973995271868, "wait_mean": 1.0401891252955082, "share_mean": 0.16312056737588654, "share_of_bookown_mean": 0.8802156922691906, "share_of_wait_mean": 0.07908323822791773, "share_of_share_mean": 0.04070106950289156, "share_to_own_ratio_max": 2.0, "share_to_own_ratio_mean": 0.13297872340425532, "count_steps_mean": 2.5390070921985815, "count_delivered_on_time": 122, "count_delivered_with_delay": 0, "count_not_delivered": 15, "share_delivered_on_time": 0.28841607565011823, "_timestamp": 1657710971, "_runtime": 3289, "_step": 19}